id,location_id,service_id,organization_id,contact_id,service_at_location_id,number,extension,type,language,description
1,,,159,,,3603832045,,,,Main
3,,,212,,,3607467181,,,,Main
4,,,226,,,3603326350,,,,Main
5,,,271,,,3603892151,,,,Main
6,,,276,,,3606766471,,,,Main
7,,,365,,,3606766481,,,,Main
8,,,374,,,3609884754,,,,Main
9,,,429,,,3607786102,,,,Main
10,,,432,,,3603321300,,,,Main
11,,,469,,,3603544673,,,,Main
12,,,488,,,3607333837,,,,Main
13,,,532,,,3605922619,,,,Main
14,,,548,,,3603981761,,,,Main
15,,,550,,,3603832050,,,,Main
16,,,561,,,3603832012,,,,Main
18,,,678,,,3606766470,,,,Main
19,,,719,,,3603839660,,,,Main
20,,,728,,,3609614864,,,,Main
21,,,734,,,8008336388,,,,Main
22,,,767,,,3607157485,,,,Main
23,,,811,,,4252687087,,,,Main
24,,,829,,,3606717663,,,,Main
25,,,961,,,3607787000,,,,Main
26,,,962,,,3607338400,,,,Main
27,,,999,,,8008606812,,,,Main
28,,,1082,,,3607140700,,,,Main
29,,,1089,,,3609455175,,,,Main
30,,,1156,,,3607787200,,,,Main
31,,,1181,,,3603802200,,,,Main
32,,,1183,,,3606760392,,,,Main
33,,,1224,,,3607527000,,,,Main
34,,,1230,,,3607332890,,,,Main
35,,,1281,,,3606718702,,,,Main
36,,,1378,,,3603840464,,,,Main
37,,,1383,,,3607150170,304,,,Main
38,,,1395,,,3603841506,,,,Main
39,,,1406,,,3609662106,,,,Main
40,,,1412,,,3606760392,,,,Main
41,,,1440,,,3603053275,,,,Main
42,,,1540,,,3607345121,,,,Main
43,,,1570,,,3607342722,,,,Main
44,,,1679,,,3607331410,,,,Main
45,,,1685,,,3607150170,,,,Main
46,,,1729,,,3606762164,,,,Main
47,,,1752,,,3606762220,,,,Main
48,,,1761,,,3603540766,,,,Main
49,,,1763,,,3607784280,,,,Main
50,,,1796,,,3607784220,,,,Main
51,,,1804,,,3606713225,,,,Main
52,,,1820,,,3607345458,,,,Main
53,,,1891,,,3607157485,,,,Main
54,,,1923,,,3607150170,,,,Main
55,,,2018,,,3606713660,,,,Main
56,,,2019,,,3606713660,,,,Main
57,,,2083,,,3607349095,,,,Main
58,,,2192,,,3609373724,,,,Main
59,,,2239,,,3606470910,,,,Main
60,,,2366,,,3607344616,,,,Main
61,,,2449,,,3609452580,,,,Main
62,,,2450,,,8772356850,,,,Main
63,,,2451,,,3606766177,,,,Main
64,,,2452,,,3606766177,,,,Main
65,,,2496,,,4252891600,,,,Main
66,,,2511,,,3606764485,,,,Main
67,,,2516,,,3607148180,,,,Main
68,,,2517,,,3602934218,,,,Main
69,,,2581,,,3606766000,,,,Main
70,,,2587,,,3603122420,,,,Main
71,,,2609,,,3603986399,,,,Main
80,,1218,,,,3606766720,,,,
81,,1219,,,,3607786104,,,,
82,,1220,,,,3607786104,,,,
84,,1291,,,,3603540623,,,,
85,,1292,,,,3603540623,,,,
86,,1293,,,,3603540623,,,,
96,,1831,,,,3606766729,,,,
97,,1832,,,,3606766729,,,,
98,,1833,,,,3606766729,,,,
99,,1913,,,,8772892796,,,,
101,,2196,,,,3607787001,,,,
103,,2285,,,,3607345476,,,,
104,,2453,,,,3607140704,,,,
105,,2454,,,,3607140704,,,,
106,,2455,,,,3607140704,,,,
112,,2801,,,,3607527153,,,,
113,,2802,,,,3607527153,,,,
116,,3134,,,,3603842337,,,,
117,,3135,,,,3603842337,,,,
118,,3136,,,,3603842337,,,,
119,,3137,,,,3603842337,,,,
121,,3139,,,,3603842333,,,,
125,,3188,,,,3609667227,,,,
126,,3189,,,,3609667227,,,,
127,,3190,,,,3609667227,,,,
128,,3191,,,,3609667227,,,,
129,,3192,,,,3609667227,,,,
130,,3200,,,,3606760410,,,,
132,,3431,,,,3606710541,,,,
133,,3432,,,,3606710541,,,,
134,,3433,,,,3606710541,,,,
135,,3434,,,,3606710541,,,,
136,,3435,,,,3606710541,,,,
138,,3728,,,,3607381920,,,,
139,,3738,,,,3607158522,,,,
141,,3834,,,,3606762162,,,,
144,,3871,,,,3606767750,,,,
145,,3892,,,,3603546939,,,,
146,,3893,,,,3603546939,,,,
147,,3894,,,,3603546939,,,,
148,,3895,,,,3603546939,,,,
149,,3896,,,,3603546939,,,,
150,,3897,,,,3603546939,,,,
151,,3900,,,,3607784278,,,,
152,,3901,,,,3607784278,,,,
153,,4088,,,,3607784214,,,,
154,,4089,,,,3607784214,,,,
155,,4110,,,,3606710000,,,,
156,,4111,,,,3606710000,,,,
157,,4112,,,,3606710000,,,,
158,,4113,,,,3606710000,,,,
159,,4114,,,,3606710000,,,,
160,,4115,,,,3606710000,,,,
161,,4116,,,,3607158302,,,,
162,,4117,,,,3607158302,,,,
163,,4118,,,,3606710000,,,,
164,,4119,,,,3606710000,,,,
165,,4120,,,,3606710000,,,,
166,,4121,,,,3607887131,,,,
167,,4123,,,,3607887131,,,,
168,,4188,,,,3607345298,,,,
169,,4189,,,,3607345298,,,,
170,,4458,,,,3606766729,,,,
171,,4490,,,,3607158522,,,,
172,,4491,,,,3607158522,,,,
174,,4880,,,,3606509411,,,,
175,,5144,,,,3607158416,,,,
176,,5145,,,,3607158416,,,,
177,,5146,,,,3607158416,,,,
178,,5147,,,,3607158416,,,,
179,,5148,,,,3607158416,,,,
184,,6201,,,,3609452980,,,,
185,,6202,,,,3609452980,,,,
186,,6203,,,,3603830808,,,,
187,,6204,,,,3603830808,,,,
188,,6205,,,,3603830808,,,,
189,,6206,,,,3603830808,,,,
190,,6207,,,,3603830808,,,,
191,,6208,,,,3603830808,,,,
192,,6209,,,,3603830808,,,,
195,,6212,,,,3606713574,,,,
196,,6213,,,,3606713574,,,,
197,,6214,,,,3606713574,,,,
198,,6215,,,,3606713574,,,,
199,,6216,,,,3606713574,,,,
200,,6217,,,,3606713574,,,,
201,,6218,,,,3606713574,,,,
